,Carnarvon,Useless loop,Denham,Mockey Mia
Native Species,10.14379085,7.28540305,8.679738562,12.09586057
Cryptogenic Species,0.453159041,1.708061002,1.777777778,0.244008715
Invasive Species,4.496732026,1.777777778,1.11546841,1.812636166
